{"Training batch loss": 0.04699037472407023, "_runtime": 267, "_timestamp": 1622995961, "_step": 104999, "Training batch accuracy": 66.66666666666666, "Training loss per epoch": 0.0038220659386122543, "Training accuracy per epoch": 68.25566170408807}