{"Training batch loss": 0.04589639107386271, "_runtime": 275, "_timestamp": 1622997271, "_step": 104999, "Training batch accuracy": 61.904761904761905, "Training loss per epoch": 0.0035742599329044978, "Training accuracy per epoch": 69.99660540225983}