{"Training batch loss": 0.05913268384479341, "_runtime": 270, "_timestamp": 1622999267, "_step": 104999, "Training batch accuracy": 42.857142857142854, "Training loss per epoch": 0.005234193518034477, "Training accuracy per epoch": 56.937102953300034}