{"Training batch loss": 0.04862945420401437, "_runtime": 181, "_timestamp": 1622988070, "_step": 83199, "Training batch accuracy": 61.904761904761905, "Training loss per epoch": 0.01080096377288617, "Training accuracy per epoch": 55.32224431404879}