{"Training loss per epoch": 0.0068871519694035325, "_runtime": 213, "_timestamp": 1623497266, "_step": 999, "Training accuracy per epoch": 39.43552689006353}