{"Training batch loss": 0.04899764060974121, "_runtime": 181, "_timestamp": 1622988479, "_step": 83199, "Training batch accuracy": 57.14285714285714, "Training loss per epoch": 0.01113005294571341, "Training accuracy per epoch": 53.610397167935595}