{"Training batch loss": 0.04363421031406948, "_runtime": 270, "_timestamp": 1622996773, "_step": 104999, "Training batch accuracy": 61.904761904761905, "Training loss per epoch": 0.003766808290843687, "Training accuracy per epoch": 68.44963871781195}