{"Training batch loss": 0.058217133794512065, "_runtime": 282, "_timestamp": 1622991402, "_step": 104999, "Training batch accuracy": 57.14285714285714, "Training loss per epoch": 0.00507733619361675, "Training accuracy per epoch": 58.72654090490277}