{"Training batch loss": 0.05389941306341262, "_runtime": 269, "_timestamp": 1622989058, "_step": 104999, "Training batch accuracy": 47.61904761904761, "Training loss per epoch": 0.005202332319236797, "Training accuracy per epoch": 57.814848940400566}