{"Training batch loss": 0.044718827520098, "_runtime": 272, "_timestamp": 1623000524, "_step": 104999, "Training batch accuracy": 61.904761904761905, "Training loss per epoch": 0.005385498768501361, "Training accuracy per epoch": 56.27273168129576}