{"Training batch loss": 0.00567995011806488, "_runtime": 10, "_timestamp": 1622996959, "_step": 2445, "Training batch accuracy": 54.50000000000001, "Training loss per epoch": 0.005985657260371806, "Training accuracy per epoch": 49.905436205809615}