{"Training batch loss": 0.04517394304275513, "_runtime": 269, "_timestamp": 1623495198, "_step": 104999, "Training batch accuracy": 47.61904761904761, "Training loss per epoch": 0.006804587564010069, "Training accuracy per epoch": 40.27932689976238}