{"Training loss per epoch": 0.006323699524305382, "_runtime": 420, "_timestamp": 1623496249, "_step": 1999, "Training accuracy per epoch": 41.38499587798846}