{"Training batch loss": 0.0700182176771618, "_runtime": 261, "_timestamp": 1622989674, "_step": 104999, "Training batch accuracy": 42.857142857142854, "Training loss per epoch": 0.005809698776144112, "Training accuracy per epoch": 52.45138451093545}