{"Training batch loss": 0.05474858624594552, "_runtime": 273, "_timestamp": 1622994853, "_step": 104999, "Training batch accuracy": 42.857142857142854, "Training loss per epoch": 0.004842695290477759, "Training accuracy per epoch": 60.418990349643565}